key,name,source,category,frequency,unit,last_updated
fed_total_assets,Fed Total Assets (Millions of USD),FRED,Federal Reserve & Liquidity,weekly,millions,2026-10-06T16:53:53.195995
reverse_repo,Overnight Reverse Repo (Billions of USD),FRED,Federal Reserve & Liquidity,daily,billions,2026-10-06T16:53:51.654929
tga_balance,Treasury General Account (Millions of USD),FRED,Federal Reserve & Liquidity,weekly,millions,2026-10-06T16:53:51.978750
effr,Daily Effective Federal Funds Rate (%),FRED,Federal Reserve & Liquidity,daily,percent,2026-10-06T16:53:54.678688
dff,Daily Effective Federal Funds Rate (%),FRED,Federal Reserve & Liquidity,daily,percent,2026-10-06T16:53:56.617142
m2_money_supply,M2 Money Supply (Billions of USD),FRED,Federal Reserve & Liquidity,monthly,,2026-10-06T16:53:52.205882
bank_deposits,"Deposits, All Commercial Banks (Billions)",FRED,Federal Reserve & Liquidity,weekly,,2026-10-06T16:53:51.144791
treasury_10y,10-Year Treasury Constant Maturity Rate (%),FRED,Rates & Yield Curve,daily,,2026-10-06T16:53:52.763709
treasury_2y,2-Year Treasury Constant Maturity Rate (%),FRED,Rates & Yield Curve,daily,,2026-10-06T16:53:53.997851
treasury_3m,3-Month Treasury Constant Maturity Rate (%),FRED,Rates & Yield Curve,daily,,2026-10-06T16:53:53.104887
treasury_30y,30-Year Treasury Constant Maturity Rate (%),FRED,Rates & Yield Curve,daily,,2026-10-06T16:53:51.144791
spread_10y_2y,10-Year minus 2-Year Treasury Spread (%),FRED,Rates & Yield Curve,daily,,2026-10-06T16:53:56.108735
spread_10y_3m,10-Year minus 3-Month Treasury Spread (%),FRED,Rates & Yield Curve,daily,,2026-10-06T16:53:53.530829
high_yield_oas,ICE BofA US High Yield Option-Adjusted Spread (%),FRED,Credit & Financial Conditions,daily,,2026-10-06T16:53:53.662566
invest_grade_oas,ICE BofA AAA US Corporate Option-Adjusted Spread (%),FRED,Credit & Financial Conditions,daily,,2026-10-06T16:53:55.196903
ccc_below_oas,ICE BofA CCC & Lower US High Yield OAS (%),FRED,Credit & Financial Conditions,daily,,2026-10-06T16:53:51.144791
chicago_fed_nfci,Chicago Fed National Financial Conditions Index,FRED,Federal Reserve & Liquidity,weekly,,2026-10-06T16:53:54.117749
nonfarm_payrolls,Total Nonfarm Payroll Employment (Thousands),FRED,Labor Market,monthly,,2026-10-06T16:53:55.075940
unemployment_rate,Unemployment Rate (%),FRED,Labor Market,monthly,,2026-10-06T16:53:54.156541
initial_claims,Initial Jobless Claims,FRED,Labor Market,weekly,,2026-10-06T16:53:54.255180
continued_claims,Continued Jobless Claims,FRED,Labor Market,weekly,,2026-10-06T16:53:51.144791
wage_growth,Average Hourly Earnings of All Employees ($/hr),FRED,Labor Market,monthly,,2026-10-06T16:53:51.144791
job_openings,JOLTS Total Job Openings (Thousands),FRED,Labor Market,monthly,,2026-10-06T16:53:51.144791
cpi,Consumer Price Index All Urban Consumers,FRED,Inflation,monthly,,2026-10-06T16:53:54.436203
core_cpi,Core CPI (Less Food and Energy),FRED,Inflation,monthly,,2026-10-06T16:53:51.144791
pce,Personal Consumption Expenditures Price Index,FRED,Inflation,monthly,,2026-10-06T16:53:51.144791
core_pce,Core PCE Price Index,FRED,Inflation,monthly,index,2026-10-06T16:53:55.232596
breakeven_5y,5-Year Breakeven Inflation Rate (%),FRED,Inflation,daily,,2026-10-06T16:53:55.033430
breakeven_10y,10-Year Breakeven Inflation Rate (%),FRED,Inflation,daily,,2026-10-06T16:53:55.687442
gdp,Real Gross Domestic Product (Billions),FRED,Economic Growth,quarterly,,2026-08-15T11:34:33.331157
retail_sales,Advance Retail Sales (Millions),FRED,Economic Growth,monthly,,2026-10-06T16:53:51.144791
industrial_production,Industrial Production Index,FRED,Economic Growth,monthly,,2026-10-06T16:53:51.144791
housing_starts,Housing Starts: Total New Privately Owned,FRED,Economic Growth,monthly,,2026-10-06T16:53:55.277178
sp500,SP500 (^GSPC),YAHOO,Market Prices,daily,,2026-10-06T16:54:00.793098
nasdaq,NASDAQ (^IXIC),YAHOO,Market Prices,daily,,2026-10-06T16:53:51.144791
vix,VIX (^VIX),YAHOO,Market Prices,daily,,2026-10-06T16:54:00.630631
dxy,DXY (DX-Y.NYB),YAHOO,Market Prices,daily,,2026-10-06T16:54:00.502627
crude_oil,CRUDE_OIL (CL=F),YAHOO,Market Prices,daily,,2026-10-06T16:54:00.438855
gold,GOLD (GC=F),YAHOO,Market Prices,daily,,2026-10-06T16:54:00.556023
copper,COPPER (HG=F),YAHOO,Market Prices,daily,,2026-10-06T16:54:00.661345
hyg_etf,HYG_ETF (HYG),YAHOO,Market Prices,daily,,2026-10-06T16:53:51.144791
lqd_etf,LQD_ETF (LQD),YAHOO,Market Prices,daily,,2026-10-06T16:53:51.144791
treasury_20y_etf,TREASURY_20Y_ETF (TLT),YAHOO,Market Prices,daily,,2026-10-06T16:53:51.144791
cnn_fear_greed_index,CNN Fear & Greed Index,CNN,Market Sentiment,daily,,2026-10-06T16:54:00.959175
shiller_pe,Shiller PE Ratio,Multpl,Market Valuation,daily,,2026-10-06T16:54:01.144024
iorb,Interest on Reserve Balances (%),FRED,Economic Growth,daily,percent,2026-10-06T16:53:52.416404
sofr,Secured Overnight Financing Rate (%),FRED,Economic Growth,daily,percent,2026-10-06T16:53:51.894680
nominal_gdp,Nominal Gross Domestic Product (Billions of USD),FRED,Economic Growth,quarterly,billions,2026-10-06T16:53:55.366740
real_gdp,Real Gross Domestic Product (Billions of Chained 2017 Dollars),FRED,Economic Growth,quarterly,billions,2026-10-06T16:53:51.144791
rstar,Holston-Laubach-Williams Natural Rate of Interest,NY Fed HLW,Federal Reserve & Liquidity,quarterly,percent,2026-10-06T16:53:58.127716
